{
  "n": 388,
  "labels": {
    "need_code": {
      "majority": {
        "accuracy": 0.6412587412587413,
        "f1_pos": 0.0,
        "f1_macro": 0.38901275567797555,
        "auroc": 0.5
      },
      "random": {
        "accuracy": 0.4384948384948385,
        "f1_pos": 0.38838357662982526,
        "f1_macro": 0.43164077723448974,
        "auroc": 0.4734014606444029
      },
      "family_only": {
        "accuracy": 1.0,
        "f1_pos": 1.0,
        "f1_macro": 1.0,
        "auroc": 1.0
      },
      "tfidf_lr": {
        "accuracy": 0.9897435897435898,
        "f1_pos": 0.9821249430004559,
        "f1_macro": 0.9874552232912098,
        "auroc": 0.9992603550295858
      }
    },
    "need_retrieve": {
      "majority": {
        "accuracy": 0.641991341991342,
        "f1_pos": 0.0,
        "f1_macro": 0.3902615597957649,
        "auroc": 0.5
      },
      "random": {
        "accuracy": 0.4894438894438894,
        "f1_pos": 0.4475379472847827,
        "f1_macro": 0.48503311427067686,
        "auroc": 0.5345708766494488
      },
      "family_only": {
        "accuracy": 1.0,
        "f1_pos": 1.0,
        "f1_macro": 1.0,
        "auroc": 1.0
      },
      "tfidf_lr": {
        "accuracy": 0.9896436896436895,
        "f1_pos": 0.9832672045562412,
        "f1_macro": 0.9878750450148903,
        "auroc": 0.9941134352144342
      }
    },
    "verifier_risk": {
      "majority": {
        "accuracy": 0.9588078588078588,
        "f1_pos": 0.0,
        "f1_macro": 0.4894559170352129,
        "auroc": 0.5
      },
      "random": {
        "accuracy": 0.40979020979020975,
        "f1_pos": 0.04120629047178538,
        "f1_macro": 0.30734894069493873,
        "auroc": 0.4334335236462129
      },
      "family_only": {
        "accuracy": 0.6831834831834832,
        "f1_pos": 0.20616133374754067,
        "f1_macro": 0.5034048761213701,
        "auroc": 0.8347823093461162
      },
      "tfidf_lr": {
        "accuracy": 0.9433566433566434,
        "f1_pos": 0.4109523809523809,
        "f1_macro": 0.690573006512525,
        "auroc": 0.8573973641990946
      }
    },
    "need_strong": {
      "majority": {
        "accuracy": 0.6934731934731936,
        "f1_pos": 0.0,
        "f1_macro": 0.40913647755753024,
        "auroc": 0.5
      },
      "random": {
        "accuracy": 0.4433566433566433,
        "f1_pos": 0.3685018033969441,
        "f1_macro": 0.4345213425571862,
        "auroc": 0.5549844994358452
      },
      "family_only": {
        "accuracy": 0.6908091908091908,
        "f1_pos": 0.6083408318771003,
        "f1_macro": 0.6754987420212059,
        "auroc": 0.7507159525353106
      },
      "tfidf_lr": {
        "accuracy": 0.6934065934065934,
        "f1_pos": 0.56058179637127,
        "f1_macro": 0.6620574398509004,
        "auroc": 0.7264892933824093
      }
    },
    "escalate": {
      "majority": {
        "accuracy": 0.6934731934731936,
        "f1_pos": 0.0,
        "f1_macro": 0.40913647755753024,
        "auroc": 0.5
      },
      "random": {
        "accuracy": 0.4433566433566433,
        "f1_pos": 0.3685018033969441,
        "f1_macro": 0.4345213425571862,
        "auroc": 0.5549844994358452
      },
      "family_only": {
        "accuracy": 0.6908091908091908,
        "f1_pos": 0.6083408318771003,
        "f1_macro": 0.6754987420212059,
        "auroc": 0.7507159525353106
      },
      "tfidf_lr": {
        "accuracy": 0.6934065934065934,
        "f1_pos": 0.56058179637127,
        "f1_macro": 0.6620574398509004,
        "auroc": 0.7264892933824093
      }
    },
    "graph_candidate": {
      "majority": {
        "accuracy": 0.9253413253413253,
        "f1_pos": 0.0,
        "f1_macro": 0.48054392137760926,
        "auroc": 0.5
      },
      "random": {
        "accuracy": 0.4331335331335331,
        "f1_pos": 0.12696896536392335,
        "f1_macro": 0.3534448441850534,
        "auroc": 0.49590463900469856
      },
      "family_only": {
        "accuracy": 0.701098901098901,
        "f1_pos": 0.3156219594650308,
        "f1_macro": 0.5617791525208918,
        "auroc": 0.8360946220192795
      },
      "tfidf_lr": {
        "accuracy": 0.8275724275724275,
        "f1_pos": 0.2733333333333334,
        "f1_macro": 0.5875696865476806,
        "auroc": 0.7996251075375553
      }
    }
  },
  "k_folds": 5
}