{
  "deepseek": {
    "graph_query_cost_saving_pct": 22.606382978723406,
    "graph_query_success_delta_pp": 5.833333333333335,
    "router": {
      "n": 120,
      "success_rate": 0.9166666666666666,
      "avg_cost": 1.5666666666666667,
      "avg_latency_ms": 1980.1916666666666,
      "avg_unsupported_risk": 0.008333333333333333,
      "avg_objective": 0.9009999999999984
    },
    "graph": {
      "n": 120,
      "success_rate": 0.975,
      "avg_cost": 1.2125,
      "avg_latency_ms": 1976.25,
      "avg_unsupported_risk": 0.008333333333333333,
      "avg_objective": 0.9628749999999983
    },
    "n_tasks": 120
  },
  "together": {
    "graph_query_cost_saving_pct": 6.95876288659794,
    "graph_query_success_delta_pp": 0.0,
    "router": {
      "n": 120,
      "success_rate": 0.9333333333333333,
      "avg_cost": 1.6166666666666667,
      "avg_latency_ms": 802.925,
      "avg_unsupported_risk": 0.0,
      "avg_objective": 0.9171666666666655
    },
    "graph": {
      "n": 120,
      "success_rate": 0.9333333333333333,
      "avg_cost": 1.5041666666666667,
      "avg_latency_ms": 804.2083333333334,
      "avg_unsupported_risk": 0.0,
      "avg_objective": 0.9182916666666654
    },
    "n_tasks": 120
  }
}