{
  "provider": "deepseek",
  "cheap_model": "deepseek-chat (V4 non-thinking)",
  "strong_model": "deepseek-reasoner (V4 thinking / R1)",
  "n_tasks": 60,
  "oracles": {
    "query_router": {
      "aggregate": {
        "n": 60,
        "success_rate": 0.9666666666666667,
        "avg_cost": 1.0,
        "avg_latency_ms": 1060.6333333333334,
        "avg_unsupported_risk": 0.0,
        "avg_objective": 0.9566666666666671
      },
      "per_family": {
        "code": {
          "n": 15,
          "success_rate": 1.0,
          "avg_cost": 1.0,
          "avg_latency_ms": 1678.2666666666667,
          "avg_unsupported_risk": 0.0,
          "avg_objective": 0.9900000000000001
        },
        "evidence": {
          "n": 15,
          "success_rate": 0.9333333333333333,
          "avg_cost": 1.0,
          "avg_latency_ms": 916.8666666666667,
          "avg_unsupported_risk": 0.0,
          "avg_objective": 0.9233333333333335
        },
        "math": {
          "n": 30,
          "success_rate": 0.9666666666666667,
          "avg_cost": 1.0,
          "avg_latency_ms": 823.7,
          "avg_unsupported_risk": 0.0,
          "avg_objective": 0.956666666666666
        }
      }
    },
    "deliberation_graph": {
      "aggregate": {
        "n": 60,
        "success_rate": 0.9666666666666667,
        "avg_cost": 1.0,
        "avg_latency_ms": 1060.6333333333334,
        "avg_unsupported_risk": 0.0,
        "avg_objective": 0.9566666666666671
      },
      "per_family": {
        "code": {
          "n": 15,
          "success_rate": 1.0,
          "avg_cost": 1.0,
          "avg_latency_ms": 1678.2666666666667,
          "avg_unsupported_risk": 0.0,
          "avg_objective": 0.9900000000000001
        },
        "evidence": {
          "n": 15,
          "success_rate": 0.9333333333333333,
          "avg_cost": 1.0,
          "avg_latency_ms": 916.8666666666667,
          "avg_unsupported_risk": 0.0,
          "avg_objective": 0.9233333333333335
        },
        "math": {
          "n": 30,
          "success_rate": 0.9666666666666667,
          "avg_cost": 1.0,
          "avg_latency_ms": 823.7,
          "avg_unsupported_risk": 0.0,
          "avg_objective": 0.956666666666666
        }
      }
    },
    "success_delta_pp": 0.0,
    "cost_saving_pct_at_observed": 0.0
  },
  "baselines": {
    "always_cheapest": {
      "aggregate": {
        "n": 60,
        "success_rate": 0.9666666666666667,
        "avg_cost": 1.0,
        "avg_latency_ms": 1060.6333333333334,
        "avg_unsupported_risk": 0.0,
        "avg_objective": 0.9566666666666671
      },
      "per_family": {
        "code": {
          "n": 15,
          "success_rate": 1.0,
          "avg_cost": 1.0,
          "avg_latency_ms": 1678.2666666666667,
          "avg_unsupported_risk": 0.0,
          "avg_objective": 0.9900000000000001
        },
        "evidence": {
          "n": 15,
          "success_rate": 0.9333333333333333,
          "avg_cost": 1.0,
          "avg_latency_ms": 916.8666666666667,
          "avg_unsupported_risk": 0.0,
          "avg_objective": 0.9233333333333335
        },
        "math": {
          "n": 30,
          "success_rate": 0.9666666666666667,
          "avg_cost": 1.0,
          "avg_latency_ms": 823.7,
          "avg_unsupported_risk": 0.0,
          "avg_objective": 0.956666666666666
        }
      }
    },
    "always_strongest": {
      "aggregate": {
        "n": 60,
        "success_rate": 0.9666666666666667,
        "avg_cost": 10.0,
        "avg_latency_ms": 1864.4833333333333,
        "avg_unsupported_risk": 0.0,
        "avg_objective": 0.8666666666666657
      },
      "per_family": {
        "code": {
          "n": 15,
          "success_rate": 1.0,
          "avg_cost": 10.0,
          "avg_latency_ms": 2981.3333333333335,
          "avg_unsupported_risk": 0.0,
          "avg_objective": 0.9000000000000002
        },
        "evidence": {
          "n": 15,
          "success_rate": 0.9333333333333333,
          "avg_cost": 10.0,
          "avg_latency_ms": 1423.1333333333334,
          "avg_unsupported_risk": 0.0,
          "avg_objective": 0.8333333333333336
        },
        "math": {
          "n": 30,
          "success_rate": 0.9666666666666667,
          "avg_cost": 10.0,
          "avg_latency_ms": 1526.7333333333333,
          "avg_unsupported_risk": 0.0,
          "avg_objective": 0.8666666666666661
        }
      }
    },
    "frugalgpt_cascade": {
      "aggregate": {
        "n": 60,
        "success_rate": 0.9666666666666667,
        "avg_cost": 1.3333333333333333,
        "avg_latency_ms": 1124.2666666666667,
        "avg_unsupported_risk": 0.0,
        "avg_objective": 0.9533333333333338
      },
      "per_family": {
        "code": {
          "n": 15,
          "success_rate": 1.0,
          "avg_cost": 1.0,
          "avg_latency_ms": 1678.2666666666667,
          "avg_unsupported_risk": 0.0,
          "avg_objective": 0.9900000000000001
        },
        "evidence": {
          "n": 15,
          "success_rate": 0.9333333333333333,
          "avg_cost": 1.6666666666666667,
          "avg_latency_ms": 1022.7333333333333,
          "avg_unsupported_risk": 0.0,
          "avg_objective": 0.9166666666666667
        },
        "math": {
          "n": 30,
          "success_rate": 0.9666666666666667,
          "avg_cost": 1.3333333333333333,
          "avg_latency_ms": 898.0333333333333,
          "avg_unsupported_risk": 0.0,
          "avg_objective": 0.9533333333333328
        }
      }
    },
    "automix_self_verification_cascade": {
      "aggregate": {
        "n": 60,
        "success_rate": 0.9666666666666667,
        "avg_cost": 1.3666666666666667,
        "avg_latency_ms": 1162.6666666666667,
        "avg_unsupported_risk": 0.0,
        "avg_objective": 0.9530000000000005
      },
      "per_family": {
        "code": {
          "n": 15,
          "success_rate": 1.0,
          "avg_cost": 1.0,
          "avg_latency_ms": 1678.2666666666667,
          "avg_unsupported_risk": 0.0,
          "avg_objective": 0.9900000000000001
        },
        "evidence": {
          "n": 15,
          "success_rate": 0.9333333333333333,
          "avg_cost": 1.7333333333333334,
          "avg_latency_ms": 1079.4666666666667,
          "avg_unsupported_risk": 0.0,
          "avg_objective": 0.9160000000000001
        },
        "math": {
          "n": 30,
          "success_rate": 0.9666666666666667,
          "avg_cost": 1.3666666666666667,
          "avg_latency_ms": 946.4666666666667,
          "avg_unsupported_risk": 0.0,
          "avg_objective": 0.9529999999999994
        }
      }
    },
    "shepherding_hint": {
      "aggregate": {
        "n": 60,
        "success_rate": 0.9666666666666667,
        "avg_cost": 1.1,
        "avg_latency_ms": 1162.9,
        "avg_unsupported_risk": 0.0,
        "avg_objective": 0.9556666666666672
      },
      "per_family": {
        "code": {
          "n": 15,
          "success_rate": 1.0,
          "avg_cost": 1.0,
          "avg_latency_ms": 1678.2666666666667,
          "avg_unsupported_risk": 0.0,
          "avg_objective": 0.9900000000000001
        },
        "evidence": {
          "n": 15,
          "success_rate": 0.9333333333333333,
          "avg_cost": 1.2,
          "avg_latency_ms": 1060.3333333333333,
          "avg_unsupported_risk": 0.0,
          "avg_objective": 0.9213333333333334
        },
        "math": {
          "n": 30,
          "success_rate": 0.9666666666666667,
          "avg_cost": 1.1,
          "avg_latency_ms": 956.5,
          "avg_unsupported_risk": 0.0,
          "avg_objective": 0.9556666666666661
        }
      }
    },
    "fixed_react": {
      "aggregate": {
        "n": 60,
        "success_rate": 0.9666666666666667,
        "avg_cost": 3.033333333333333,
        "avg_latency_ms": 4361.866666666667,
        "avg_unsupported_risk": 0.0,
        "avg_objective": 0.9363333333333326
      },